{
    "dt": 0.1,
    "len_episode": 50,
    "n_samples": 1000,
    "name": "train_data",
    "noise_std": 0.01,
    "outdir": "C:\\Users\\Ejer\\OneDrive - Danmarks Tekniske Universitet\\Dokumenter\\GitHub\\Speciale\\Code\\PI_VAE\\data",
    "range_A": [
        0.1,
        1.0
    ],
    "range_f": [
        1.5707963267948966,
        3.141592653589793
    ],
    "range_gamma": [
        0.0,
        0.4
    ],
    "range_init": [
        0.0,
        1.5707963267948966
    ],
    "range_omega": [
        0.7853981633974483,
        1.5707963267948966
    ],
    "seed": 1234567890
}